sr.No,username,password,businessReferenceCode,fullName,gender,businessName,accountUuid
1,andersontorp_1325287@example.com,12345678Ac!,SGSWAL,Janelle Heller,Female,,
2,gretabartoletti_7367173@example.com,12345678Ac!,SGCASA,Olga Ernser,Female,,
3,amarimorissette_4655499@example.com,12345678Ac!,SGSTAA,Abraham Satterfield,Female,,
4,saas_admin@example.com,12345678Ac!,SGSAAA,Saas Admin,Female,,
5,lelaprohaska_8494526@example.com,12345678Ac!,SGPREJ,Stella Stokes,Male,,
6,elsehaley_9242138@example.com,12345678Ac!,SGFRAP,Arely Wyman,Female,,
7,clevecarroll_9413870@example.com,12345678Ac!,SGKUPY,Christopher Hintz,Female,,
8,darbykris_9257611@example.com,12345678Ac!,SGMRSP,Christop Paucek,Female,,
9,kaileekilback_5910375@example.com,12345678Ac!,SGBRLP,Edison Denesik,Female,,
10,antonettabahringer_6170362@example.com,12345678Ac!,SGMCCE,Claud Stehr,Male,,
11,tysonkuphal_4565520@example.org,12345678Ac!,SGMCLN,Gabriel Rippin,Male,,
12,saas_admin_edit@example.com,12345678Ac!,SGSAAA,Saas Admin Edit,Female,,
13,admin@auto.com,12345678Ac!,SGAUCZ,Admin Auto,Male,,
14,camdenwalsh_3942445@example.net,12345678Ac!,SGSCGT,Carmela Gutkowski,Male,,
15,tn_view@example.com,12345678Ac!,SGLTDA,Admin,Male,,
16,tn_submit@example.com,12345678Ac!,SGLTDA,Admin,Male,,
17,tn_emp1@example.com,12345678Ac!,SGLTDA,Admin,Male,,
18,fabiolabarrows_5631215@example.com,12345678Ac!,SGAUTF,Jordyn Yost,Male,,
19,laronbayer_9692859@example.com,12345678Ac!,SGMCLN,Carmen Champlin,Male,,
20,jeaniechamplin_706238@example.com,12345678Ac!,SGQUTL,Caitlyn Gulgowski,Male,,
21,garlandbreitenberg_1381156@example.com,12345678Ac!,SGFUNK,Skylar Deckow,Male,,
22,ad-bk@example.com,12345678Ac!,SGBKKK,Admin,Male,Bookkeeping,98a69786-df60-464b-9439-fde1eb195837
23,domingosawayn_3596073@example.com,12345678Ac!,SGMCLN,Elbert Ankunding,Female,,
24,rebeccabednar_8104980@example.com,12345678Ac!,SGBECG,Floy Torp,Female,,
25,finance.transfer.no.transfer.or.submit_810264@example.com,12345678Ac!,SGDAR5,Finance No Transfer Or Submit,Male,,
26,finance.submit.only_2179792@example.com,12345678Ac!,SGDAR5,Finance Submit Only,Female,,
27,finance.transfer.only_1702515@example.com,12345678Ac!,SGDAR5,Finance Transfer Only,Female,,
28,finance.transfer.no.transfer.or.submit_3510196@example.com,12345678Ac!,SGMCLN,Finance No Transfer Or Submit,Female,,
29,finance.submit.only_2051741@example.com,12345678Ac!,SGMCLN,Finance Submit Only,Female,,
30,finance.transfer.only_6276045@example.com,12345678Ac!,SGMCLN,Finance Transfer Only,Female,,
31,amyahartmann_1513994@example.com,12345678Ac!,SGBECG,Shirley Kerluke,Male,,
32,destineegoyette_8856092@example.com,12345678Ac!,SGBECG,Cornelius Durgan,Male,,
33,tomasadouglas_621319@example.com,12345678Ac!,SGBECG,Tom Greenholt,Male,,
34,idrdebitadmin@ap.com,12345678Ac!,SGTESA,Idr Admin,Male,,
35,bretthane_8662193@example.net,12345678Ac!,SGZUAL,Julienne Rutherford,Female,,
36,queenconn_1329957@example.org,12345678Ac!,SGSTKB,Eleanore Tromp,Female,,
37,rhiannoncassin_483033@example.com,12345678Ac!,SGSNSW,Hyman Goyette,Male,,
38,kelliequitzon_4200733@example.org,12345678Ac!,SGJAWY,Rhianna Mraz,Female,,
39,jerrodlang_7958586@example.net,12345678Ac!,SGKUTP,Crystal Keeling V,Female,,
40,twilabernier_5360166@example.net,12345678Ac!,SGBATA,Cassandre Wehner Iii,Male,,
41,janiemoen_6017426@example.com,12345678Ac!,SGREN2,April Rutherford,Male,,
42,deshaunquigley_4104958@example.org,12345678Ac!,SGHANZ,Joanny Koss,Female,,
43,royceveum_4685079@example.org,12345678Ac!,SGBEEG,Corene Kiehn I,Female,,
44,magdalenabosco_3031389@example.net,12345678Ac!,SGHESL,Maria Lockman,Male,,
45,marcelinayost_6931256@example.net,12345678Ac!,SGAUTS,Halle Lesch Iv,Female,,
46,claudebosco_6327942@example.net,12345678Ac!,ANACRK,Anabel Corkery,Male,,
47,randystark_9895532@example.com,12345678Ac!,SGPNSH,Jaeden Grady Dvm,Female,,
48,meggiejenkins_445235@example.org,12345678Ac!,SGDCKJ,Letitia Grimes,Female,,
49,erit91@ap.com,12345678Ac!,ERT2DN,Misael Rice,Female,,
50,erit92@ap.com,12345678Ac!,FNATTG,Finance Transfer Only,Male,,
51,erit93@ap.com,12345678Ac!,FNASUV,Finance Submit Only,Female,,
52,erit94@ap.com,12345678Ac!,FNATRK,Finance No Transfer Or Submit,Male,,
53,erit95@ap.com,12345678Ac!,SGERL5,Employee 01,Female,,
54,americawalter_7944662@example.com,12345678Ac!,SGWAEG,Dianna Kovacek,Female,Waelchi-Leuschke,993bcf56-6a6e-4bcd-8bc6-457cad17f5e7
55,melissahettinger_7529465@example.org,12345678Ac!,SGTREK,Adele Considine,Male,,
56,saasautomationadmin@ap.com,12345678Ac!,SAA37T,Saas Automation Admin,Male,,
57,laurianezulauf_5017484@example.com,12345678Ac!,SGPNAA,Ken Trantow Md,Female,,
58,saasautomationtransfercard@ap.com,12345678Ac!,SAAGNW,Saas Automation Employee,Female,,
59,admin@iv.com,12345678Ac!,SGBECG,Tom Greenholt,Male,,
60,loganhintz_5702313@example.org,12345678Ac!,SGBERN,Sylvester Mcglynn,Male,Bernhard Nolan and Ankunding,
61,arlomitchell_343550@example.org,12345678Ac!,SGLUBG,Mr. Rocky Altenwerth,Male,,
62,Van,
63,Van,
64,Van,
65,Van,
66,Van,
67,Van,
68,Van,
69,Van,
70,cristianrolfson_1104211@example.net,12345678Ac!,CHEEBE,Chelsea Ebert,Male,,
71,delilahprosacco_1195773@example.com,12345678Ac!,FNATSG,Finance Transfer Only,Male,,
72,gretchenvolkman_2941823@example.com,12345678Ac!,JERDAM,Jerrod D'amore,Male,,
73,emiliowunsch_1559824@example.net,12345678Ac!,SGPNAD,Rickey Towne,Female,,
74,vicentecarroll_1854740@example.com,12345678Ac!,SGPNAR,Dr. Rolando Kuhic,Female,,
75,carletongraham_6523192@example.com,12345678Ac!,SGPNS5,Lysanne Skiles,Male,,
76,ethad'amore_1830068@example.net,123456,,,,,,
77,antoniettakerluke_5263241@example.com,12345678Ac!,SGPNAF,Prof. Kenny Hodkiewicz,Male,,
78,jewelllakin_9701406@example.com,12345678Ac!,PRFDAY,Prof. Dayana Skiles,Male,,
79,zoemarks_5202360@example.net,123456,HESVV5,Lois Hessel,Male,,